{
    "train_loss": [
        1.1633973442989847,
        0.3179176335749419
    ],
    "train_acc": [
        68.45108695652173,
        89.6195652173913
    ]
}