{
    "train_loss": [
        1.105103753960651,
        0.17187856163667595
    ],
    "train_acc": [
        69.10326086956522,
        94.94565217391305
    ]
}