{
    "train_loss": [
        2.076881009599437,
        0.3710514838280885
    ],
    "train_acc": [
        52.78532608695652,
        87.87364130434783
    ],
    "val_loss": [
        0.7113990576370902,
        0.5150651957677759
    ],
    "val_acc": [
        79.07608695652173,
        83.0163043478261
    ]
}