alpha,mean_cv_score
0.001,0.0015079211827929595
1.0,0.0015141857348168711
0.1,0.0015213206904229782
10.0,0.0019257140146678564
100.0,0.003024092694960534
1000.0,0.004030906781139641
