alpha,mean_cv_score
0.001,0.0015079471862964042
1.0,0.0015118669066522053
0.1,0.0015220123521682935
0.01,0.0015264366494507015
0.0001,0.0015429223156377461
10.0,0.0019065501404778775
