learning_rate,weight_decay,mean_cv_score
0.001,0.0,1.107224991937884
0.001,0.0001,1.1076854203834015
0.001,1e-05,1.1076883446602594
0.01,0.0001,1.1093423605776158
0.01,1e-05,1.110775677930741
0.01,0.0,1.1121014672882703
0.0001,1e-05,1.1317679837447445
0.0001,0.0001,1.1331697690243623
0.0001,0.0,1.1338352658310715
