{
    "train_loss": [
        1.0383907940076744,
        0.17252744488094163
    ],
    "train_acc": [
        71.44021739130434,
        95.16304347826087
    ]
}